profile,rtt_ms,mode,i,compute_ms,transport_ms,total_ms,label_match,transport_model
ideal,0.0,plaintext,0,0.773,0.0,0.773,1,analytic: rtt + bytes/bandwidth
ideal,0.0,encrypted-cold,0,5810.479,0.014,5810.493,1,analytic: rtt + bytes/bandwidth
ideal,0.0,encrypted-warm,0,246.174,0.014,246.188,1,analytic: rtt + bytes/bandwidth
ideal,0.0,plaintext,1,0.077,0.0,0.077,1,analytic: rtt + bytes/bandwidth
ideal,0.0,encrypted-cold,1,5096.355,0.014,5096.369,1,analytic: rtt + bytes/bandwidth
ideal,0.0,encrypted-warm,1,238.141,0.014,238.155,1,analytic: rtt + bytes/bandwidth
ideal,0.0,plaintext,2,0.061,0.0,0.061,1,analytic: rtt + bytes/bandwidth
ideal,0.0,encrypted-cold,2,5010.516,0.014,5010.53,1,analytic: rtt + bytes/bandwidth
ideal,0.0,encrypted-warm,2,234.216,0.014,234.23,1,analytic: rtt + bytes/bandwidth
ideal,0.0,plaintext,3,0.052,0.0,0.053,1,analytic: rtt + bytes/bandwidth
ideal,0.0,encrypted-cold,3,4952.029,0.014,4952.043,1,analytic: rtt + bytes/bandwidth
ideal,0.0,encrypted-warm,3,234.905,0.014,234.919,1,analytic: rtt + bytes/bandwidth
ideal,0.0,plaintext,4,0.052,0.0,0.052,1,analytic: rtt + bytes/bandwidth
ideal,0.0,encrypted-cold,4,4986.344,0.014,4986.358,1,analytic: rtt + bytes/bandwidth
ideal,0.0,encrypted-warm,4,229.034,0.014,229.048,1,analytic: rtt + bytes/bandwidth
ideal,0.0,plaintext,5,0.048,0.0,0.048,1,analytic: rtt + bytes/bandwidth
ideal,0.0,encrypted-cold,5,4901.02,0.014,4901.034,1,analytic: rtt + bytes/bandwidth
ideal,0.0,encrypted-warm,5,224.463,0.014,224.477,1,analytic: rtt + bytes/bandwidth
ideal,0.0,plaintext,6,0.054,0.0,0.054,1,analytic: rtt + bytes/bandwidth
ideal,0.0,encrypted-cold,6,4908.338,0.014,4908.352,1,analytic: rtt + bytes/bandwidth
ideal,0.0,encrypted-warm,6,263.48,0.014,263.494,1,analytic: rtt + bytes/bandwidth
ideal,0.0,plaintext,7,0.059,0.0,0.059,1,analytic: rtt + bytes/bandwidth
ideal,0.0,encrypted-cold,7,5064.502,0.014,5064.516,1,analytic: rtt + bytes/bandwidth
ideal,0.0,encrypted-warm,7,279.317,0.014,279.331,1,analytic: rtt + bytes/bandwidth
ideal,0.0,plaintext,8,0.049,0.0,0.049,1,analytic: rtt + bytes/bandwidth
ideal,0.0,encrypted-cold,8,4075.221,0.014,4075.235,1,analytic: rtt + bytes/bandwidth
ideal,0.0,encrypted-warm,8,174.636,0.014,174.65,1,analytic: rtt + bytes/bandwidth
ideal,0.0,plaintext,9,0.032,0.0,0.032,1,analytic: rtt + bytes/bandwidth
ideal,0.0,encrypted-cold,9,2373.446,0.014,2373.46,1,analytic: rtt + bytes/bandwidth
ideal,0.0,encrypted-warm,9,102.438,0.014,102.452,1,analytic: rtt + bytes/bandwidth
mec-edge,10.0,plaintext,0,0.773,10.009,10.782,1,analytic: rtt + bytes/bandwidth
mec-edge,10.0,encrypted-cold,0,5810.479,136.344,5946.823,1,analytic: rtt + bytes/bandwidth
mec-edge,10.0,encrypted-warm,0,246.174,136.344,382.518,1,analytic: rtt + bytes/bandwidth
mec-edge,10.0,plaintext,1,0.077,10.008,10.085,1,analytic: rtt + bytes/bandwidth
mec-edge,10.0,encrypted-cold,1,5096.355,136.328,5232.683,1,analytic: rtt + bytes/bandwidth
mec-edge,10.0,encrypted-warm,1,238.141,136.328,374.469,1,analytic: rtt + bytes/bandwidth
mec-edge,10.0,plaintext,2,0.061,10.009,10.07,1,analytic: rtt + bytes/bandwidth
mec-edge,10.0,encrypted-cold,2,5010.516,136.4,5146.916,1,analytic: rtt + bytes/bandwidth
mec-edge,10.0,encrypted-warm,2,234.216,136.4,370.616,1,analytic: rtt + bytes/bandwidth
mec-edge,10.0,plaintext,3,0.052,10.009,10.062,1,analytic: rtt + bytes/bandwidth
mec-edge,10.0,encrypted-cold,3,4952.029,136.32,5088.349,1,analytic: rtt + bytes/bandwidth
mec-edge,10.0,encrypted-warm,3,234.905,136.32,371.225,1,analytic: rtt + bytes/bandwidth
mec-edge,10.0,plaintext,4,0.052,10.008,10.06,1,analytic: rtt + bytes/bandwidth
mec-edge,10.0,encrypted-cold,4,4986.344,136.372,5122.716,1,analytic: rtt + bytes/bandwidth
mec-edge,10.0,encrypted-warm,4,229.034,136.372,365.406,1,analytic: rtt + bytes/bandwidth
mec-edge,10.0,plaintext,5,0.048,10.008,10.056,1,analytic: rtt + bytes/bandwidth
mec-edge,10.0,encrypted-cold,5,4901.02,136.327,5037.347,1,analytic: rtt + bytes/bandwidth
mec-edge,10.0,encrypted-warm,5,224.463,136.327,360.79,1,analytic: rtt + bytes/bandwidth
mec-edge,10.0,plaintext,6,0.054,10.009,10.063,1,analytic: rtt + bytes/bandwidth
mec-edge,10.0,encrypted-cold,6,4908.338,136.394,5044.732,1,analytic: rtt + bytes/bandwidth
mec-edge,10.0,encrypted-warm,6,263.48,136.394,399.874,1,analytic: rtt + bytes/bandwidth
mec-edge,10.0,plaintext,7,0.059,10.008,10.066,1,analytic: rtt + bytes/bandwidth
mec-edge,10.0,encrypted-cold,7,5064.502,136.401,5200.903,1,analytic: rtt + bytes/bandwidth
mec-edge,10.0,encrypted-warm,7,279.317,136.401,415.718,1,analytic: rtt + bytes/bandwidth
mec-edge,10.0,plaintext,8,0.049,10.008,10.057,1,analytic: rtt + bytes/bandwidth
mec-edge,10.0,encrypted-cold,8,4075.221,136.42,4211.641,1,analytic: rtt + bytes/bandwidth
mec-edge,10.0,encrypted-warm,8,174.636,136.42,311.056,1,analytic: rtt + bytes/bandwidth
mec-edge,10.0,plaintext,9,0.032,10.009,10.041,1,analytic: rtt + bytes/bandwidth
mec-edge,10.0,encrypted-cold,9,2373.446,136.298,2509.744,1,analytic: rtt + bytes/bandwidth
mec-edge,10.0,encrypted-warm,9,102.438,136.298,238.736,1,analytic: rtt + bytes/bandwidth
metro,50.0,plaintext,0,0.773,50.018,50.791,1,analytic: rtt + bytes/bandwidth
metro,50.0,encrypted-cold,0,5810.479,302.688,6113.167,1,analytic: rtt + bytes/bandwidth
metro,50.0,encrypted-warm,0,246.174,302.688,548.862,1,analytic: rtt + bytes/bandwidth
metro,50.0,plaintext,1,0.077,50.016,50.093,1,analytic: rtt + bytes/bandwidth
metro,50.0,encrypted-cold,1,5096.355,302.656,5399.011,1,analytic: rtt + bytes/bandwidth
metro,50.0,encrypted-warm,1,238.141,302.656,540.797,1,analytic: rtt + bytes/bandwidth
metro,50.0,plaintext,2,0.061,50.019,50.079,1,analytic: rtt + bytes/bandwidth
metro,50.0,encrypted-cold,2,5010.516,302.8,5313.316,1,analytic: rtt + bytes/bandwidth
metro,50.0,encrypted-warm,2,234.216,302.8,537.016,1,analytic: rtt + bytes/bandwidth
metro,50.0,plaintext,3,0.052,50.018,50.071,1,analytic: rtt + bytes/bandwidth
metro,50.0,encrypted-cold,3,4952.029,302.64,5254.669,1,analytic: rtt + bytes/bandwidth
metro,50.0,encrypted-warm,3,234.905,302.64,537.545,1,analytic: rtt + bytes/bandwidth
metro,50.0,plaintext,4,0.052,50.016,50.068,1,analytic: rtt + bytes/bandwidth
metro,50.0,encrypted-cold,4,4986.344,302.743,5289.087,1,analytic: rtt + bytes/bandwidth
metro,50.0,encrypted-warm,4,229.034,302.743,531.777,1,analytic: rtt + bytes/bandwidth
metro,50.0,plaintext,5,0.048,50.016,50.064,1,analytic: rtt + bytes/bandwidth
metro,50.0,encrypted-cold,5,4901.02,302.654,5203.674,1,analytic: rtt + bytes/bandwidth
metro,50.0,encrypted-warm,5,224.463,302.654,527.117,1,analytic: rtt + bytes/bandwidth
metro,50.0,plaintext,6,0.054,50.018,50.072,1,analytic: rtt + bytes/bandwidth
metro,50.0,encrypted-cold,6,4908.338,302.789,5211.127,1,analytic: rtt + bytes/bandwidth
metro,50.0,encrypted-warm,6,263.48,302.789,566.269,1,analytic: rtt + bytes/bandwidth
metro,50.0,plaintext,7,0.059,50.016,50.074,1,analytic: rtt + bytes/bandwidth
metro,50.0,encrypted-cold,7,5064.502,302.802,5367.304,1,analytic: rtt + bytes/bandwidth
metro,50.0,encrypted-warm,7,279.317,302.802,582.119,1,analytic: rtt + bytes/bandwidth
metro,50.0,plaintext,8,0.049,50.016,50.065,1,analytic: rtt + bytes/bandwidth
metro,50.0,encrypted-cold,8,4075.221,302.839,4378.06,1,analytic: rtt + bytes/bandwidth
metro,50.0,encrypted-warm,8,174.636,302.839,477.475,1,analytic: rtt + bytes/bandwidth
metro,50.0,plaintext,9,0.032,50.018,50.05,1,analytic: rtt + bytes/bandwidth
metro,50.0,encrypted-cold,9,2373.446,302.597,2676.043,1,analytic: rtt + bytes/bandwidth
metro,50.0,encrypted-warm,9,102.438,302.597,405.035,1,analytic: rtt + bytes/bandwidth
regional,100.0,plaintext,0,0.773,100.036,100.809,1,analytic: rtt + bytes/bandwidth
regional,100.0,encrypted-cold,0,5810.479,605.377,6415.856,1,analytic: rtt + bytes/bandwidth
regional,100.0,encrypted-warm,0,246.174,605.377,851.551,1,analytic: rtt + bytes/bandwidth
regional,100.0,plaintext,1,0.077,100.032,100.109,1,analytic: rtt + bytes/bandwidth
regional,100.0,encrypted-cold,1,5096.355,605.313,5701.668,1,analytic: rtt + bytes/bandwidth
regional,100.0,encrypted-warm,1,238.141,605.313,843.454,1,analytic: rtt + bytes/bandwidth
regional,100.0,plaintext,2,0.061,100.037,100.098,1,analytic: rtt + bytes/bandwidth
regional,100.0,encrypted-cold,2,5010.516,605.599,5616.115,1,analytic: rtt + bytes/bandwidth
regional,100.0,encrypted-warm,2,234.216,605.599,839.815,1,analytic: rtt + bytes/bandwidth
regional,100.0,plaintext,3,0.052,100.036,100.089,1,analytic: rtt + bytes/bandwidth
regional,100.0,encrypted-cold,3,4952.029,605.279,5557.308,1,analytic: rtt + bytes/bandwidth
regional,100.0,encrypted-warm,3,234.905,605.279,840.184,1,analytic: rtt + bytes/bandwidth
regional,100.0,plaintext,4,0.052,100.032,100.084,1,analytic: rtt + bytes/bandwidth
regional,100.0,encrypted-cold,4,4986.344,605.487,5591.831,1,analytic: rtt + bytes/bandwidth
regional,100.0,encrypted-warm,4,229.034,605.487,834.521,1,analytic: rtt + bytes/bandwidth
regional,100.0,plaintext,5,0.048,100.032,100.08,1,analytic: rtt + bytes/bandwidth
regional,100.0,encrypted-cold,5,4901.02,605.308,5506.328,1,analytic: rtt + bytes/bandwidth
regional,100.0,encrypted-warm,5,224.463,605.308,829.771,1,analytic: rtt + bytes/bandwidth
regional,100.0,plaintext,6,0.054,100.036,100.09,1,analytic: rtt + bytes/bandwidth
regional,100.0,encrypted-cold,6,4908.338,605.578,5513.916,1,analytic: rtt + bytes/bandwidth
regional,100.0,encrypted-warm,6,263.48,605.578,869.058,1,analytic: rtt + bytes/bandwidth
regional,100.0,plaintext,7,0.059,100.032,100.09,1,analytic: rtt + bytes/bandwidth
regional,100.0,encrypted-cold,7,5064.502,605.604,5670.106,1,analytic: rtt + bytes/bandwidth
regional,100.0,encrypted-warm,7,279.317,605.604,884.921,1,analytic: rtt + bytes/bandwidth
regional,100.0,plaintext,8,0.049,100.031,100.08,1,analytic: rtt + bytes/bandwidth
regional,100.0,encrypted-cold,8,4075.221,605.679,4680.9,1,analytic: rtt + bytes/bandwidth
regional,100.0,encrypted-warm,8,174.636,605.679,780.315,1,analytic: rtt + bytes/bandwidth
regional,100.0,plaintext,9,0.032,100.036,100.068,1,analytic: rtt + bytes/bandwidth
regional,100.0,encrypted-cold,9,2373.446,605.194,2978.64,1,analytic: rtt + bytes/bandwidth
regional,100.0,encrypted-warm,9,102.438,605.194,707.632,1,analytic: rtt + bytes/bandwidth
